"0","# 對比統計預測與實際之差
table(predicting, all_test$labels)
"
"1","                       
"
"1","predicting             "
"1"," 0"
"1"," 1"
"1","
  -0.663516391555502   "
"1"," 1"
"1"," 0"
"1","
  -0.653539535076698   "
"1"," 1"
"1"," 0"
"1","
  -0.644755381814415   "
"1"," 1"
"1"," 0"
"1","
  -0.61446637923554    "
"1"," 1"
"1"," 0"
"1","
  -0.613348672423645   "
"1"," 1"
"1"," 0"
"1","
  -0.605175545282488   "
"1"," 1"
"1"," 0"
"1","
  -0.587913308594664   "
"1"," 1"
"1"," 0"
"1","
  -0.583867085107335   "
"1"," 1"
"1"," 0"
"1","
  -0.578753086170387   "
"1"," 1"
"1"," 0"
"1","
  -0.568932693133782   "
"1"," 1"
"1"," 0"
"1","
  -0.562634273710702   "
"1"," 1"
"1"," 0"
"1","
  -0.551762209636593   "
"1"," 1"
"1"," 0"
"1","
  -0.545280654578219   "
"1"," 1"
"1"," 0"
"1","
  -0.541056097965576   "
"1"," 1"
"1"," 0"
"1","
  -0.540940286832663   "
"1"," 1"
"1"," 0"
"1","
  -0.537999538791396   "
"1"," 1"
"1"," 0"
"1","
  -0.528194973374208   "
"1"," 1"
"1"," 0"
"1","
  -0.525105404883222   "
"1"," 1"
"1"," 0"
"1","
  -0.522077010628906   "
"1"," 1"
"1"," 0"
"1","
  -0.518908340420958   "
"1"," 1"
"1"," 0"
"1","
  -0.517481949695099   "
"1"," 1"
"1"," 0"
"1","
  -0.517269071620695   "
"1"," 1"
"1"," 0"
"1","
  -0.516943373273534   "
"1"," 1"
"1"," 0"
"1","
  -0.51508111566517    "
"1"," 1"
"1"," 0"
"1","
  -0.514822838249801   "
"1"," 1"
"1"," 0"
"1","
  -0.514327148267289   "
"1"," 1"
"1"," 0"
"1","
  -0.513064566208431   "
"1"," 1"
"1"," 0"
"1","
  -0.510232151316097   "
"1"," 1"
"1"," 0"
"1","
  -0.510180937366205   "
"1"," 1"
"1"," 0"
"1","
  -0.509734220700051   "
"1"," 1"
"1"," 0"
"1","
  -0.506206573316833   "
"1"," 1"
"1"," 0"
"1","
  -0.504125745487703   "
"1"," 1"
"1"," 0"
"1","
  -0.498545697734093   "
"1"," 1"
"1"," 0"
"1","
  -0.497387279210479   "
"1"," 1"
"1"," 0"
"1","
  -0.495999288824356   "
"1"," 1"
"1"," 0"
"1","
  -0.495996997128891   "
"1"," 1"
"1"," 0"
"1","
  -0.495308432586464   "
"1"," 1"
"1"," 0"
"1","
  -0.493418057386412   "
"1"," 1"
"1"," 0"
"1","
  -0.493178664546881   "
"1"," 1"
"1"," 0"
"1","
  -0.491415197756896   "
"1"," 1"
"1"," 0"
"1","
  -0.490435947606214   "
"1"," 1"
"1"," 0"
"1","
  -0.489229658627592   "
"1"," 1"
"1"," 0"
"1","
  -0.487546014327986   "
"1"," 1"
"1"," 0"
"1","
  -0.48625144547675    "
"1"," 1"
"1"," 0"
"1","
  -0.484464279989138   "
"1"," 1"
"1"," 0"
"1","
  -0.48399450821196    "
"1"," 1"
"1"," 0"
"1","
  -0.479686524826356   "
"1"," 0"
"1"," 1"
"1","
  -0.478894403606358   "
"1"," 1"
"1"," 0"
"1","
  -0.473555236511589   "
"1"," 1"
"1"," 0"
"1","
  -0.473104068159032   "
"1"," 0"
"1"," 1"
"1","
  -0.471750816986053   "
"1"," 1"
"1"," 0"
"1","
  -0.470400258400085   "
"1"," 1"
"1"," 0"
"1","
  -0.470052895611104   "
"1"," 1"
"1"," 0"
"1","
  -0.459619993796272   "
"1"," 1"
"1"," 0"
"1","
  -0.45670247651071    "
"1"," 0"
"1"," 1"
"1","
  -0.455427159326232   "
"1"," 1"
"1"," 0"
"1","
  -0.453639698475945   "
"1"," 1"
"1"," 0"
"1","
  -0.453633643469949   "
"1"," 1"
"1"," 0"
"1","
  -0.452740929174225   "
"1"," 0"
"1"," 1"
"1","
  -0.450526724688603   "
"1"," 1"
"1"," 0"
"1","
  -0.446844829551612   "
"1"," 1"
"1"," 0"
"1","
  -0.445924247185895   "
"1"," 1"
"1"," 0"
"1","
  -0.444114186122892   "
"1"," 1"
"1"," 0"
"1","
  -0.444062189645386   "
"1"," 1"
"1"," 0"
"1","
  -0.44346680953895    "
"1"," 1"
"1"," 0"
"1","
  -0.443245230401016   "
"1"," 1"
"1"," 0"
"1","
  -0.44296590101662    "
"1"," 1"
"1"," 0"
"1","
  -0.442438319924984   "
"1"," 1"
"1"," 0"
"1","
  -0.440924171411266   "
"1"," 1"
"1"," 0"
"1","
  -0.440885140698279   "
"1"," 1"
"1"," 0"
"1","
  -0.439060138186971   "
"1"," 1"
"1"," 0"
"1","
  -0.436519425389418   "
"1"," 1"
"1"," 0"
"1","
  -0.428019581301722   "
"1"," 1"
"1"," 0"
"1","
  -0.42529520556929    "
"1"," 1"
"1"," 0"
"1","
  -0.424108629039387   "
"1"," 1"
"1"," 0"
"1","
  -0.420724595284566   "
"1"," 1"
"1"," 0"
"1","
  -0.419965314616285   "
"1"," 1"
"1"," 0"
"1","
  -0.418141574717292   "
"1"," 1"
"1"," 0"
"1","
  -0.417915635832721   "
"1"," 1"
"1"," 0"
"1","
  -0.414967917857968   "
"1"," 1"
"1"," 0"
"1","
  -0.40996724497294    "
"1"," 1"
"1"," 0"
"1","
  -0.409901908461068   "
"1"," 1"
"1"," 0"
"1","
  -0.408226533265108   "
"1"," 1"
"1"," 0"
"1","
  -0.406449672310881   "
"1"," 1"
"1"," 0"
"1","
  -0.405299302854017   "
"1"," 1"
"1"," 0"
"1","
  -0.400205145407523   "
"1"," 1"
"1"," 0"
"1","
  -0.399506145769021   "
"1"," 1"
"1"," 0"
"1","
  -0.399377021292576   "
"1"," 1"
"1"," 0"
"1","
  -0.397043103155124   "
"1"," 0"
"1"," 1"
"1","
  -0.39661403667362    "
"1"," 1"
"1"," 0"
"1","
  -0.395959219256604   "
"1"," 1"
"1"," 0"
"1","
  -0.393022428518075   "
"1"," 1"
"1"," 0"
"1","
  -0.392124670393774   "
"1"," 1"
"1"," 0"
"1","
  -0.39180999677876    "
"1"," 1"
"1"," 0"
"1","
  -0.390854204033      "
"1"," 1"
"1"," 0"
"1","
  -0.390655718615708   "
"1"," 1"
"1"," 0"
"1","
  -0.387372549131628   "
"1"," 1"
"1"," 0"
"1","
  -0.387060821023265   "
"1"," 1"
"1"," 0"
"1","
  -0.385296021475405   "
"1"," 1"
"1"," 0"
"1","
  -0.384627904079852   "
"1"," 1"
"1"," 0"
"1","
  -0.383828280345104   "
"1"," 1"
"1"," 0"
"1","
  -0.383790410910674   "
"1"," 1"
"1"," 0"
"1","
  -0.383301949721473   "
"1"," 1"
"1"," 0"
"1","
  -0.381756826945985   "
"1"," 1"
"1"," 0"
"1","
  -0.380434427327842   "
"1"," 1"
"1"," 0"
"1","
  -0.380061579347152   "
"1"," 1"
"1"," 0"
"1","
  -0.379502568363097   "
"1"," 0"
"1"," 1"
"1","
  -0.37907995786392    "
"1"," 1"
"1"," 0"
"1","
  -0.378039310262389   "
"1"," 1"
"1"," 0"
"1","
  -0.37803123105504    "
"1"," 1"
"1"," 0"
"1","
  -0.375637206080833   "
"1"," 1"
"1"," 0"
"1","
  -0.375406380738615   "
"1"," 1"
"1"," 0"
"1","
  -0.37409771952877    "
"1"," 1"
"1"," 0"
"1","
  -0.373255041653284   "
"1"," 1"
"1"," 0"
"1","
  -0.373130382339809   "
"1"," 1"
"1"," 0"
"1","
  -0.371601387015043   "
"1"," 1"
"1"," 0"
"1","
  -0.370851129024042   "
"1"," 1"
"1"," 0"
"1","
  -0.369487770381032   "
"1"," 1"
"1"," 0"
"1","
  -0.367620291601532   "
"1"," 1"
"1"," 0"
"1","
  -0.366736744506826   "
"1"," 1"
"1"," 0"
"1","
  -0.365756047965464   "
"1"," 1"
"1"," 0"
"1","
  -0.36487396088392    "
"1"," 1"
"1"," 0"
"1","
  -0.363276428771495   "
"1"," 1"
"1"," 0"
"1","
  -0.362240595887151   "
"1"," 1"
"1"," 0"
"1","
  -0.360163307019422   "
"1"," 1"
"1"," 0"
"1","
  -0.359487391082276   "
"1"," 1"
"1"," 0"
"1","
  -0.35947653534925    "
"1"," 1"
"1"," 0"
"1","
  -0.357928512149868   "
"1"," 1"
"1"," 0"
"1","
  -0.357590631599175   "
"1"," 0"
"1"," 1"
"1","
  -0.356145762587879   "
"1"," 1"
"1"," 0"
"1","
  -0.35226123225679    "
"1"," 1"
"1"," 0"
"1","
  -0.350893649309851   "
"1"," 1"
"1"," 0"
"1","
  -0.350108756890177   "
"1"," 1"
"1"," 0"
"1","
  -0.349579425161064   "
"1"," 1"
"1"," 0"
"1","
  -0.347401363714568   "
"1"," 1"
"1"," 0"
"1","
  -0.346538738630331   "
"1"," 0"
"1"," 1"
"1","
  -0.346363140563692   "
"1"," 1"
"1"," 0"
"1","
  -0.345281396601283   "
"1"," 1"
"1"," 0"
"1","
  -0.344258819108906   "
"1"," 1"
"1"," 0"
"1","
  -0.344128812244582   "
"1"," 1"
"1"," 0"
"1","
  -0.341906342710736   "
"1"," 1"
"1"," 0"
"1","
  -0.340957181365103   "
"1"," 1"
"1"," 0"
"1","
  -0.339689643971419   "
"1"," 1"
"1"," 0"
"1","
  -0.338480815086158   "
"1"," 1"
"1"," 0"
"1","
  -0.338441708637134   "
"1"," 1"
"1"," 0"
"1","
  -0.337553783390271   "
"1"," 1"
"1"," 0"
"1","
  -0.337398164159184   "
"1"," 1"
"1"," 0"
"1","
  -0.337291939717364   "
"1"," 1"
"1"," 0"
"1","
  -0.33488616049668    "
"1"," 1"
"1"," 0"
"1","
  -0.333914720520468   "
"1"," 1"
"1"," 0"
"1","
  -0.331663136462433   "
"1"," 1"
"1"," 0"
"1","
  -0.3296656518338     "
"1"," 1"
"1"," 0"
"1","
  -0.327235668287492   "
"1"," 1"
"1"," 0"
"1","
  -0.326882369068753   "
"1"," 1"
"1"," 0"
"1","
  -0.325424039503407   "
"1"," 1"
"1"," 0"
"1","
  -0.325319215105362   "
"1"," 1"
"1"," 0"
"1","
  -0.323962802971189   "
"1"," 0"
"1"," 1"
"1","
  -0.323686110078673   "
"1"," 1"
"1"," 0"
"1","
  -0.321570445416458   "
"1"," 1"
"1"," 0"
"1","
  -0.320517175970546   "
"1"," 1"
"1"," 0"
"1","
  -0.319796601556634   "
"1"," 1"
"1"," 0"
"1","
  -0.317582053039848   "
"1"," 1"
"1"," 0"
"1","
  -0.314867705189573   "
"1"," 1"
"1"," 0"
"1","
  -0.31115954629558    "
"1"," 1"
"1"," 0"
"1","
  -0.309848847751797   "
"1"," 1"
"1"," 0"
"1","
  -0.309316599013986   "
"1"," 1"
"1"," 0"
"1","
  -0.308840099751802   "
"1"," 1"
"1"," 0"
"1","
  -0.308146676776373   "
"1"," 1"
"1"," 0"
"1","
  -0.307524716406146   "
"1"," 1"
"1"," 0"
"1","
  -0.306540645276532   "
"1"," 1"
"1"," 0"
"1","
  -0.305877494296518   "
"1"," 1"
"1"," 0"
"1","
  -0.305699413025471   "
"1"," 1"
"1"," 0"
"1","
  -0.304557039120199   "
"1"," 1"
"1"," 0"
"1","
  -0.303440165179978   "
"1"," 0"
"1"," 1"
"1","
  -0.303012621078132   "
"1"," 1"
"1"," 0"
"1","
  -0.302779938618532   "
"1"," 1"
"1"," 0"
"1","
  -0.302725386682684   "
"1"," 1"
"1"," 0"
"1","
  -0.302579161133112   "
"1"," 1"
"1"," 0"
"1","
  -0.300814837066059   "
"1"," 1"
"1"," 0"
"1","
  -0.30066684695629    "
"1"," 1"
"1"," 0"
"1","
  -0.300305648097217   "
"1"," 1"
"1"," 0"
"1","
  -0.299485486237306   "
"1"," 1"
"1"," 0"
"1","
  -0.296498839554242   "
"1"," 1"
"1"," 0"
"1","
  -0.293215510923907   "
"1"," 1"
"1"," 0"
"1","
  -0.292325040334364   "
"1"," 1"
"1"," 0"
"1","
  -0.291983843719018   "
"1"," 1"
"1"," 0"
"1","
  -0.289106379841945   "
"1"," 1"
"1"," 0"
"1","
  -0.287649492788144   "
"1"," 1"
"1"," 0"
"1","
  -0.286976153582609   "
"1"," 1"
"1"," 0"
"1","
  -0.286524700196637   "
"1"," 1"
"1"," 0"
"1","
  -0.285199307375403   "
"1"," 1"
"1"," 0"
"1","
  -0.284539706198116   "
"1"," 1"
"1"," 0"
"1","
  -0.284114207823518   "
"1"," 1"
"1"," 0"
"1","
  -0.283145199183375   "
"1"," 1"
"1"," 0"
"1","
  -0.281479860290916   "
"1"," 1"
"1"," 0"
"1","
  -0.279971710738474   "
"1"," 1"
"1"," 0"
"1","
  -0.279521441203236   "
"1"," 1"
"1"," 0"
"1","
  -0.277150106257287   "
"1"," 1"
"1"," 0"
"1","
  -0.277149100095129   "
"1"," 1"
"1"," 0"
"1","
  -0.275741109464013   "
"1"," 1"
"1"," 0"
"1","
  -0.274828674093799   "
"1"," 1"
"1"," 0"
"1","
  -0.274282516874697   "
"1"," 1"
"1"," 0"
"1","
  -0.273842624324333   "
"1"," 1"
"1"," 0"
"1","
  -0.273290786603459   "
"1"," 1"
"1"," 0"
"1","
  -0.272766963222836   "
"1"," 1"
"1"," 0"
"1","
  -0.271405245150479   "
"1"," 1"
"1"," 0"
"1","
  -0.271367352922906   "
"1"," 1"
"1"," 0"
"1","
  -0.270650099650174   "
"1"," 1"
"1"," 0"
"1","
  -0.268861708057503   "
"1"," 1"
"1"," 0"
"1","
  -0.268126208342016   "
"1"," 1"
"1"," 0"
"1","
  -0.265949341868902   "
"1"," 1"
"1"," 0"
"1","
  -0.265613916018881   "
"1"," 1"
"1"," 0"
"1","
  -0.265134701880189   "
"1"," 1"
"1"," 0"
"1","
  -0.263876732149233   "
"1"," 1"
"1"," 0"
"1","
  -0.263269823639869   "
"1"," 1"
"1"," 0"
"1","
  -0.263027494621331   "
"1"," 1"
"1"," 0"
"1","
  -0.262901330970626   "
"1"," 1"
"1"," 0"
"1","
  -0.262784031387962   "
"1"," 1"
"1"," 0"
"1","
  -0.26145743410795    "
"1"," 1"
"1"," 0"
"1","
  -0.261420218193461   "
"1"," 1"
"1"," 0"
"1","
  -0.260727037407062   "
"1"," 1"
"1"," 0"
"1","
  -0.259892017365505   "
"1"," 1"
"1"," 0"
"1","
  -0.258805523539127   "
"1"," 1"
"1"," 0"
"1","
  -0.258695088415298   "
"1"," 1"
"1"," 0"
"1","
  -0.258353860062567   "
"1"," 1"
"1"," 0"
"1","
  -0.255592658019848   "
"1"," 1"
"1"," 0"
"1","
  -0.254772965130696   "
"1"," 1"
"1"," 0"
"1","
  -0.25474061865948    "
"1"," 1"
"1"," 0"
"1","
  -0.254281962729167   "
"1"," 1"
"1"," 0"
"1","
  -0.253860147301004   "
"1"," 1"
"1"," 0"
"1","
  -0.253319093484188   "
"1"," 1"
"1"," 0"
"1","
  -0.252520906007324   "
"1"," 1"
"1"," 0"
"1","
  -0.25243798547299    "
"1"," 1"
"1"," 0"
"1","
  -0.252108595924984   "
"1"," 1"
"1"," 0"
"1","
  -0.251348586860357   "
"1"," 1"
"1"," 0"
"1","
  -0.251259172207558   "
"1"," 1"
"1"," 0"
"1","
  -0.250381419261732   "
"1"," 1"
"1"," 0"
"1","
  -0.25028572372692    "
"1"," 1"
"1"," 0"
"1","
  -0.248973967277142   "
"1"," 1"
"1"," 0"
"1","
  -0.248972638354488   "
"1"," 0"
"1"," 1"
"1","
  -0.247990482320435   "
"1"," 1"
"1"," 0"
"1","
  -0.246990862189601   "
"1"," 0"
"1"," 1"
"1","
  -0.246884023755916   "
"1"," 1"
"1"," 0"
"1","
  -0.24626745438517    "
"1"," 1"
"1"," 0"
"1","
  -0.246003248580701   "
"1"," 1"
"1"," 0"
"1","
  -0.246002669448256   "
"1"," 1"
"1"," 0"
"1","
  -0.245112000924426   "
"1"," 1"
"1"," 0"
"1","
  -0.244976260329602   "
"1"," 1"
"1"," 0"
"1","
  -0.244344147276166   "
"1"," 1"
"1"," 0"
"1","
  -0.242479617821112   "
"1"," 1"
"1"," 0"
"1","
  -0.241815038040322   "
"1"," 1"
"1"," 0"
"1","
  -0.241721574801606   "
"1"," 1"
"1"," 0"
"1","
  -0.241211977678564   "
"1"," 1"
"1"," 0"
"1","
  -0.240910373000845   "
"1"," 0"
"1"," 1"
"1","
  -0.239336709714909   "
"1"," 1"
"1"," 0"
"1","
  -0.238960439243536   "
"1"," 1"
"1"," 0"
"1","
  -0.238358322641861   "
"1"," 1"
"1"," 0"
"1","
  -0.237619051936494   "
"1"," 1"
"1"," 0"
"1","
  -0.237039991841219   "
"1"," 1"
"1"," 0"
"1","
  -0.236859306300474   "
"1"," 1"
"1"," 0"
"1","
  -0.236292576779086   "
"1"," 1"
"1"," 0"
"1","
  -0.234853729281697   "
"1"," 1"
"1"," 0"
"1","
  -0.234698297942326   "
"1"," 1"
"1"," 0"
"1","
  -0.233054158972266   "
"1"," 1"
"1"," 0"
"1","
  -0.232911815111701   "
"1"," 1"
"1"," 0"
"1","
  -0.231524370152978   "
"1"," 1"
"1"," 0"
"1","
  -0.231262465837493   "
"1"," 1"
"1"," 0"
"1","
  -0.22968306679584    "
"1"," 1"
"1"," 0"
"1","
  -0.229491121246909   "
"1"," 1"
"1"," 0"
"1","
  -0.22928902857082    "
"1"," 1"
"1"," 0"
"1","
  -0.228982277576785   "
"1"," 1"
"1"," 0"
"1","
  -0.228959700441576   "
"1"," 1"
"1"," 0"
"1","
  -0.228205477579013   "
"1"," 1"
"1"," 0"
"1","
  -0.226775896708854   "
"1"," 1"
"1"," 0"
"1","
  -0.225683539647422   "
"1"," 1"
"1"," 0"
"1","
  -0.225408563354075   "
"1"," 1"
"1"," 0"
"1","
  -0.225353296492801   "
"1"," 1"
"1"," 0"
"1","
  -0.223661040187144   "
"1"," 1"
"1"," 0"
"1","
  -0.222725612370036   "
"1"," 1"
"1"," 0"
"1","
  -0.221681123597977   "
"1"," 1"
"1"," 0"
"1","
  -0.221283458292959   "
"1"," 1"
"1"," 0"
"1","
  -0.221128501668712   "
"1"," 1"
"1"," 0"
"1","
  -0.221126820805773   "
"1"," 1"
"1"," 0"
"1","
  -0.217537046713497   "
"1"," 1"
"1"," 0"
"1","
  -0.217522780252834   "
"1"," 1"
"1"," 0"
"1","
  -0.21710592178308    "
"1"," 1"
"1"," 0"
"1","
  -0.216850848391542   "
"1"," 1"
"1"," 0"
"1","
  -0.216244275643831   "
"1"," 0"
"1"," 1"
"1","
  -0.216174478606794   "
"1"," 1"
"1"," 0"
"1","
  -0.215698704999366   "
"1"," 1"
"1"," 0"
"1","
  -0.215388812524809   "
"1"," 1"
"1"," 0"
"1","
  -0.214348009662333   "
"1"," 0"
"1"," 1"
"1","
  -0.213875364696227   "
"1"," 1"
"1"," 0"
"1","
  -0.213850951643367   "
"1"," 1"
"1"," 0"
"1","
  -0.213796056815884   "
"1"," 1"
"1"," 0"
"1","
  -0.213521311268734   "
"1"," 1"
"1"," 0"
"1","
  -0.213287610258777   "
"1"," 1"
"1"," 0"
"1","
  -0.211786570226118   "
"1"," 1"
"1"," 0"
"1","
  -0.211755124309389   "
"1"," 1"
"1"," 0"
"1","
  -0.211226716723797   "
"1"," 1"
"1"," 0"
"1","
  -0.210676908638262   "
"1"," 1"
"1"," 0"
"1","
  -0.210167085233408   "
"1"," 1"
"1"," 0"
"1","
  -0.210085606733596   "
"1"," 1"
"1"," 0"
"1","
  -0.209718008191865   "
"1"," 1"
"1"," 0"
"1","
  -0.209155600474278   "
"1"," 1"
"1"," 0"
"1","
  -0.208763892079896   "
"1"," 1"
"1"," 0"
"1","
  -0.207773972985287   "
"1"," 1"
"1"," 0"
"1","
  -0.207009892461607   "
"1"," 1"
"1"," 0"
"1","
  -0.206858138434449   "
"1"," 1"
"1"," 0"
"1","
  -0.206707369843623   "
"1"," 1"
"1"," 0"
"1","
  -0.20652355125743    "
"1"," 1"
"1"," 0"
"1","
  -0.205617766711064   "
"1"," 1"
"1"," 0"
"1","
  -0.204842005534024   "
"1"," 1"
"1"," 0"
"1","
  -0.20310167456034    "
"1"," 1"
"1"," 0"
"1","
  -0.201867103591285   "
"1"," 1"
"1"," 0"
"1","
  -0.201377079436245   "
"1"," 1"
"1"," 0"
"1","
  -0.200987303820528   "
"1"," 1"
"1"," 0"
"1","
  -0.198772197597091   "
"1"," 1"
"1"," 0"
"1","
  -0.19659637049853    "
"1"," 1"
"1"," 0"
"1","
  -0.196136858276296   "
"1"," 1"
"1"," 0"
"1","
  -0.193846577741713   "
"1"," 1"
"1"," 0"
"1","
  -0.193701496112531   "
"1"," 1"
"1"," 0"
"1","
  -0.192807705815245   "
"1"," 1"
"1"," 0"
"1","
  -0.192618084374052   "
"1"," 1"
"1"," 0"
"1","
  -0.191658448014721   "
"1"," 1"
"1"," 0"
"1","
  -0.190485082328637   "
"1"," 1"
"1"," 0"
"1","
  -0.18942100048095    "
"1"," 1"
"1"," 0"
"1","
  -0.188775882204881   "
"1"," 1"
"1"," 0"
"1","
  -0.188690101856698   "
"1"," 1"
"1"," 0"
"1","
  -0.188674917749186   "
"1"," 1"
"1"," 0"
"1","
  -0.188606906128819   "
"1"," 1"
"1"," 0"
"1","
  -0.188123313499319   "
"1"," 1"
"1"," 0"
"1","
  -0.188022188404624   "
"1"," 1"
"1"," 0"
"1","
  -0.187805312166202   "
"1"," 1"
"1"," 0"
"1","
  -0.187633883267365   "
"1"," 1"
"1"," 0"
"1","
  -0.186994970300051   "
"1"," 1"
"1"," 0"
"1","
  -0.186702084734076   "
"1"," 1"
"1"," 0"
"1","
  -0.186461301537365   "
"1"," 1"
"1"," 0"
"1","
  -0.186291628788642   "
"1"," 1"
"1"," 0"
"1","
  -0.186251611403884   "
"1"," 1"
"1"," 0"
"1","
  -0.185075344528853   "
"1"," 1"
"1"," 0"
"1","
  -0.184833992231643   "
"1"," 1"
"1"," 0"
"1","
  -0.184096016122768   "
"1"," 1"
"1"," 0"
"1","
  -0.183803958130046   "
"1"," 1"
"1"," 0"
"1","
  -0.183763688977608   "
"1"," 1"
"1"," 0"
"1","
  -0.183027116841827   "
"1"," 1"
"1"," 0"
"1","
  -0.18203945986061    "
"1"," 1"
"1"," 0"
"1","
  -0.181126676926165   "
"1"," 1"
"1"," 0"
"1","
  -0.180993039723831   "
"1"," 1"
"1"," 0"
"1","
  -0.180651586726682   "
"1"," 1"
"1"," 0"
"1","
  -0.17979041994206    "
"1"," 1"
"1"," 0"
"1","
  -0.179468185446492   "
"1"," 1"
"1"," 0"
"1","
  -0.178904339474416   "
"1"," 1"
"1"," 0"
"1","
  -0.178510118128596   "
"1"," 1"
"1"," 0"
"1","
  -0.178307326833701   "
"1"," 1"
"1"," 0"
"1","
  -0.178243479114615   "
"1"," 1"
"1"," 0"
"1","
  -0.17735139398038    "
"1"," 1"
"1"," 0"
"1","
  -0.177342433481791   "
"1"," 1"
"1"," 0"
"1","
  -0.177253778417486   "
"1"," 1"
"1"," 0"
"1","
  -0.17723738447102    "
"1"," 1"
"1"," 0"
"1","
  -0.17696130672882    "
"1"," 1"
"1"," 0"
"1","
  -0.176554529830966   "
"1"," 1"
"1"," 0"
"1","
  -0.17602702523617    "
"1"," 1"
"1"," 0"
"1","
  -0.175156053298113   "
"1"," 1"
"1"," 0"
"1","
  -0.174245206569806   "
"1"," 1"
"1"," 0"
"1","
  -0.174125886237019   "
"1"," 1"
"1"," 0"
"1","
  -0.173629674763613   "
"1"," 0"
"1"," 1"
"1","
  -0.172074725189093   "
"1"," 1"
"1"," 0"
"1","
  -0.171197134054156   "
"1"," 1"
"1"," 0"
"1","
  -0.169489510761557   "
"1"," 1"
"1"," 0"
"1","
  -0.169424316235144   "
"1"," 1"
"1"," 0"
"1","
  -0.169313279707427   "
"1"," 1"
"1"," 0"
"1","
  -0.169013687481141   "
"1"," 1"
"1"," 0"
"1","
  -0.168862198487453   "
"1"," 1"
"1"," 0"
"1","
  -0.168586611675439   "
"1"," 1"
"1"," 0"
"1","
  -0.168320175138761   "
"1"," 1"
"1"," 0"
"1","
  -0.166937170099852   "
"1"," 1"
"1"," 0"
"1","
  -0.166860308904558   "
"1"," 1"
"1"," 0"
"1","
  -0.16608753438023    "
"1"," 1"
"1"," 0"
"1","
  -0.166040308770075   "
"1"," 1"
"1"," 0"
"1","
  -0.166014373772167   "
"1"," 1"
"1"," 0"
"1","
  -0.1659926327726     "
"1"," 1"
"1"," 0"
"1","
  -0.165976800755103   "
"1"," 1"
"1"," 0"
"1","
  -0.165036326369531   "
"1"," 1"
"1"," 0"
"1","
  -0.164883773319198   "
"1"," 1"
"1"," 0"
"1","
  -0.16474949514516    "
"1"," 1"
"1"," 0"
"1","
  -0.163629530505438   "
"1"," 1"
"1"," 0"
"1","
  -0.16353086654925    "
"1"," 1"
"1"," 0"
"1","
  -0.163372611785005   "
"1"," 1"
"1"," 0"
"1","
  -0.163270895112325   "
"1"," 1"
"1"," 0"
"1","
  -0.162425529698986   "
"1"," 1"
"1"," 0"
"1","
  -0.162119543338614   "
"1"," 1"
"1"," 0"
"1","
  -0.161838862193761   "
"1"," 0"
"1"," 1"
"1","
  -0.161282860709676   "
"1"," 1"
"1"," 0"
"1","
  -0.160997517683879   "
"1"," 1"
"1"," 0"
"1","
  -0.16036522069771    "
"1"," 1"
"1"," 0"
"1","
  -0.159840284381044   "
"1"," 1"
"1"," 0"
"1","
  -0.159695525981837   "
"1"," 1"
"1"," 0"
"1","
  -0.159536114347395   "
"1"," 1"
"1"," 0"
"1","
  -0.159045844178153   "
"1"," 1"
"1"," 0"
"1","
  -0.158000858069666   "
"1"," 1"
"1"," 0"
"1","
  -0.157011762948896   "
"1"," 1"
"1"," 0"
"1","
  -0.156976986673991   "
"1"," 1"
"1"," 0"
"1","
  -0.156695928275422   "
"1"," 1"
"1"," 0"
"1","
  -0.155945408152348   "
"1"," 1"
"1"," 0"
"1","
  -0.155672205654613   "
"1"," 1"
"1"," 0"
"1","
  -0.155059458733451   "
"1"," 1"
"1"," 0"
"1","
  -0.155037157118232   "
"1"," 1"
"1"," 0"
"1","
  -0.154961794929586   "
"1"," 1"
"1"," 0"
"1","
  -0.15479354714895    "
"1"," 1"
"1"," 0"
"1","
  -0.154556915879745   "
"1"," 1"
"1"," 0"
"1","
  -0.152905982411827   "
"1"," 1"
"1"," 0"
"1","
  -0.152090298867957   "
"1"," 1"
"1"," 0"
"1","
  -0.151801965423613   "
"1"," 1"
"1"," 0"
"1","
  -0.151495958274745   "
"1"," 1"
"1"," 0"
"1","
  -0.151325634683682   "
"1"," 1"
"1"," 0"
"1","
  -0.15119632896547    "
"1"," 1"
"1"," 0"
"1","
  -0.15110623855335    "
"1"," 1"
"1"," 0"
"1","
  -0.150244955281454   "
"1"," 1"
"1"," 0"
"1","
  -0.148754198206505   "
"1"," 1"
"1"," 0"
"1","
  -0.147203334095047   "
"1"," 1"
"1"," 0"
"1","
  -0.145971391787382   "
"1"," 1"
"1"," 0"
"1","
  -0.14594435619537    "
"1"," 1"
"1"," 0"
"1","
  -0.145454333320242   "
"1"," 1"
"1"," 0"
"1","
  -0.145098900957929   "
"1"," 1"
"1"," 0"
"1","
  -0.145007117507525   "
"1"," 1"
"1"," 0"
"1","
  -0.144521644051964   "
"1"," 1"
"1"," 0"
"1","
  -0.144451510557885   "
"1"," 1"
"1"," 0"
"1","
  -0.144405961391779   "
"1"," 1"
"1"," 0"
"1","
  -0.14299250762803    "
"1"," 1"
"1"," 0"
"1","
  -0.142988006574548   "
"1"," 1"
"1"," 0"
"1","
  -0.142297375425844   "
"1"," 1"
"1"," 0"
"1","
  -0.141935015234182   "
"1"," 1"
"1"," 0"
"1","
  -0.141909809665898   "
"1"," 1"
"1"," 0"
"1","
  -0.141376110348038   "
"1"," 1"
"1"," 0"
"1","
  -0.141260120210338   "
"1"," 0"
"1"," 1"
"1","
  -0.141218338381504   "
"1"," 1"
"1"," 0"
"1","
  -0.14102567483599    "
"1"," 1"
"1"," 0"
"1","
  -0.140982305556786   "
"1"," 1"
"1"," 0"
"1","
  -0.140972271888897   "
"1"," 1"
"1"," 0"
"1","
  -0.140263450705431   "
"1"," 1"
"1"," 0"
"1","
  -0.140189971084812   "
"1"," 1"
"1"," 0"
"1","
  -0.140177171309067   "
"1"," 1"
"1"," 0"
"1","
  -0.139865803667018   "
"1"," 1"
"1"," 0"
"1","
  -0.139272899735339   "
"1"," 1"
"1"," 0"
"1","
  -0.138623877368056   "
"1"," 1"
"1"," 0"
"1","
  -0.138192363196072   "
"1"," 0"
"1"," 1"
"1","
  -0.137967650274689   "
"1"," 1"
"1"," 0"
"1","
  -0.13762244910847    "
"1"," 0"
"1"," 1"
"1","
  -0.137483842614026   "
"1"," 1"
"1"," 0"
"1","
  -0.13713034522615    "
"1"," 1"
"1"," 0"
"1","
  -0.136894940824716   "
"1"," 1"
"1"," 0"
"1","
  -0.13672154512766    "
"1"," 1"
"1"," 0"
"1","
  -0.136684995705535   "
"1"," 1"
"1"," 0"
"1","
  -0.136373825264494   "
"1"," 1"
"1"," 0"
"1","
  -0.136115848803722   "
"1"," 1"
"1"," 0"
"1","
  -0.136057575489482   "
"1"," 1"
"1"," 0"
"1","
  -0.135422850079856   "
"1"," 1"
"1"," 0"
"1","
  -0.135358119100074   "
"1"," 1"
"1"," 0"
"1","
  -0.134978028851822   "
"1"," 1"
"1"," 0"
"1","
  -0.134791144877553   "
"1"," 1"
"1"," 0"
"1","
  -0.13471156217505    "
"1"," 1"
"1"," 0"
"1","
  -0.134551275660168   "
"1"," 0"
"1"," 1"
"1","
  -0.133860803564298   "
"1"," 1"
"1"," 0"
"1","
  -0.133601257922039   "
"1"," 1"
"1"," 0"
"1","
  -0.133341484712302   "
"1"," 1"
"1"," 0"
"1","
  -0.133120118671297   "
"1"," 1"
"1"," 0"
"1","
  -0.132951867734611   "
"1"," 1"
"1"," 0"
"1","
  -0.132761437880569   "
"1"," 1"
"1"," 0"
"1","
  -0.132716132241362   "
"1"," 1"
"1"," 0"
"1","
  -0.132660400268871   "
"1"," 1"
"1"," 0"
"1","
  -0.132640354130032   "
"1"," 1"
"1"," 0"
"1","
  -0.132492612084791   "
"1"," 1"
"1"," 0"
"1","
  -0.132478924876419   "
"1"," 1"
"1"," 0"
"1","
  -0.132474910566008   "
"1"," 1"
"1"," 0"
"1","
  -0.132279662531419   "
"1"," 1"
"1"," 0"
"1","
  -0.132236108469385   "
"1"," 1"
"1"," 0"
"1","
  -0.132221806679214   "
"1"," 1"
"1"," 0"
"1","
  -0.130934714803877   "
"1"," 1"
"1"," 0"
"1","
  -0.13088107155579    "
"1"," 1"
"1"," 0"
"1","
  -0.13079228889603    "
"1"," 1"
"1"," 0"
"1","
  -0.13068751225539    "
"1"," 1"
"1"," 0"
"1","
  -0.130062301536188   "
"1"," 1"
"1"," 0"
"1","
  -0.130045998619251   "
"1"," 1"
"1"," 0"
"1","
  -0.129960405486801   "
"1"," 1"
"1"," 0"
"1","
  -0.1297735930204     "
"1"," 1"
"1"," 0"
"1","
  -0.129632567625532   "
"1"," 1"
"1"," 0"
"1","
  -0.129301671482721   "
"1"," 1"
"1"," 0"
"1","
  -0.129241625598392   "
"1"," 1"
"1"," 0"
"1","
  -0.129214429305969   "
"1"," 1"
"1"," 0"
"1","
  -0.128610643211054   "
"1"," 1"
"1"," 0"
"1","
  -0.128449388200502   "
"1"," 1"
"1"," 0"
"1","
  -0.128098731621589   "
"1"," 1"
"1"," 0"
"1","
  -0.127847130996988   "
"1"," 1"
"1"," 0"
"1","
  -0.127845981462312   "
"1"," 1"
"1"," 0"
"1","
  -0.127664147610413   "
"1"," 1"
"1"," 0"
"1","
  -0.127664026331774   "
"1"," 1"
"1"," 0"
"1","
  -0.127647200681664   "
"1"," 1"
"1"," 0"
"1","
  -0.127496537225307   "
"1"," 1"
"1"," 0"
"1","
  -0.126270279907746   "
"1"," 1"
"1"," 0"
"1","
"
"1"," [ reached getOption(""max.print"") -- omitted 54502 rows ]
"
